<?xml version="1.0" encoding="UTF-8" standalone="yes"?>
<addon id="plugin.video.Space Teste" name="Space Teste" version="0.0.1" provider-name="SpaceTuga">
    <requires>
    </requires>
    <extension point="xbmc.python.pluginsource"
               library="default.py">
        <provides>video</provides>
    </extension>
    <extension point="xbmc.addon.metadata">
        <platform>all</platform>
        <summary>teste de addon</summary>
        <description>Addon de Testes</description>
    </extension>
</addon>