﻿<?xml version="1.0" encoding="UTF-8" standalone="yes"?>
<addon id="repository.spacetuga" name="repository space tuga" version="0.0.2" provider-name="katuga">
	<extension point="xbmc.addon.repository" name="Space Tuga Add-on Repository">
		<info compressed="false">https://raw.githubusercontent.com/BTKatuga/repository.SpaceTuga/master/addons.xml</info>
		<checksum>https://raw.githubusercontent.com/BTKatuga/repository.SpaceTuga/master/addons.xml.md5</checksum>
		<datadir zip="true">https://github.com/spacetuga/repository.SpaceTuga/tree/master/repo</datadir>
	</extension>
	<extension point="xbmc.addon.metadata">
		<summary>Repositorio do Space Tuga</summary>
		<description>Addons de Espaço Português</description>
		<disclaimer></disclaimer>
		<platform>all</platform>
	</extension>
</addon>