﻿<?xml version="1.0" encoding="UTF-8" standalone="yes"?>
<addon id="repository.Space Tuga" name="repository.Space Tuga" version="1.0.0" provider-name="katuga">
	<extension point="xbmc.addon.repository" name="Space Tuga Add-on Repository">
		<info compressed="false">http://www.spacetuga.com/repo/addon.xml</info>
		<checksum>http://www.spacetuga.com/repo/addons.xml.md5</checksum>
		<datadir zip="true">http://www.spacetuga.com/repo/repository.SpaceTuga.zip</datadir>
	</extension>
	<extension point="xbmc.addon.metadata">
		<summary>Repositorio do SpaceTuga</summary>
		<description>Addons de Espaço Português</description>
		<disclaimer></disclaimer>
		<platform>all</platform>
	</extension>
</addon>